[
  {
    "lms_course_id": "PSY_6720_LL_09_2019_FA",
    "salsa_outcome": "",
    "salsa_outcome_type": "",
    "salsa_outcome_id": "",
    "salsa_outcome_text": "",
    "key": "salsa_salsa_blooms-apply-participate_1",
    "value": "Participate"
  },
  {
    "lms_course_id": "PSY_6720_LL_09_2019_FA",
    "salsa_outcome": "",
    "salsa_outcome_type": "",
    "salsa_outcome_id": "",
    "salsa_outcome_text": "",
    "key": "salsa_salsa_blooms-apply-contribute_2",
    "value": "Contribute"
  },
  {
    "lms_course_id": "PSY_6720_LL_09_2019_FA",
    "salsa_outcome": "",
    "salsa_outcome_type": "",
    "salsa_outcome_id": "",
    "salsa_outcome_text": "",
    "key": "salsa_salsa_blooms-apply-include_3",
    "value": "Include"
  },
  {
    "lms_course_id": "PSY_6720_LL_09_2019_FA",
    "salsa_outcome": "",
    "salsa_outcome_type": "",
    "salsa_outcome_id": "",
    "salsa_outcome_text": "",
    "key": "salsa_salsa_blooms-apply-discover_4",
    "value": "Discover"
  },
  {
    "lms_course_id": "PSY_6720_LL_09_2019_FA",
    "salsa_outcome": "",
    "salsa_outcome_type": "",
    "salsa_outcome_id": "",
    "salsa_outcome_text": "",
    "key": "salsa_salsa_blooms-apply-include_5",
    "value": "Include"
  },
  {
    "lms_course_id": "PSY_6720_LL_09_2019_FA",
    "salsa_outcome": "",
    "salsa_outcome_type": "",
    "salsa_outcome_id": "",
    "salsa_outcome_text": "",
    "key": "salsa_salsa_blooms-apply-implement_6",
    "value": "Implement"
  },
  {
    "lms_course_id": "root_org_test_meta_doc",
    "salsa_outcome": "",
    "salsa_outcome_type": "",
    "salsa_outcome_id": "",
    "salsa_outcome_text": "",
    "key": "salsa_salsa_root_org_test_meta_1",
    "value": "root org test_meta"
  },
  {
    "lms_course_id": "root_org_test_meta_doc",
    "salsa_outcome": "",
    "salsa_outcome_type": "",
    "salsa_outcome_id": "",
    "salsa_outcome_text": "",
    "key": "salsa_salsa_blooms-apply-establish_2",
    "value": "Establish"
  },
  {
    "lms_course_id": "root_org_test_meta_doc",
    "salsa_outcome": "",
    "salsa_outcome_type": "",
    "salsa_outcome_id": "",
    "salsa_outcome_text": "",
    "key": "salsa_salsa_blooms-apply-provide_3",
    "value": "Provide"
  },
  {
    "lms_course_id": "root_org_test_meta_doc",
    "salsa_outcome": "",
    "salsa_outcome_type": "",
    "salsa_outcome_id": "",
    "salsa_outcome_text": "",
    "key": "salsa_salsa_blooms-apply-show_4",
    "value": "Show"
  },
  {
    "lms_course_id": "root_org_test_meta_doc",
    "salsa_outcome": "",
    "salsa_outcome_type": "",
    "salsa_outcome_id": "",
    "salsa_outcome_text": "",
    "key": "salsa_salsa_blooms-apply-imitate_5",
    "value": "Imitate"
  },
  {
    "lms_course_id": "MTH_4420_MU_02_2019_FA",
    "salsa_outcome": "",
    "salsa_outcome_type": "",
    "salsa_outcome_id": "",
    "salsa_outcome_text": "",
    "key": "salsa_salsa_blooms-apply-establish_1",
    "value": "Establish"
  },
  {
    "lms_course_id": "MTH_4420_MU_02_2019_FA",
    "salsa_outcome": "",
    "salsa_outcome_type": "",
    "salsa_outcome_id": "",
    "salsa_outcome_text": "",
    "key": "salsa_salsa_blooms-apply-participate_2",
    "value": "Participate"
  },
  {
    "lms_course_id": "MTH_4420_MU_02_2019_FA",
    "salsa_outcome": "",
    "salsa_outcome_type": "",
    "salsa_outcome_id": "",
    "salsa_outcome_text": "",
    "key": "salsa_salsa_blooms-apply-include_3",
    "value": "Include"
  },
  {
    "lms_course_id": "MTH_4420_MU_02_2019_FA",
    "salsa_outcome": "",
    "salsa_outcome_type": "",
    "salsa_outcome_id": "",
    "salsa_outcome_text": "",
    "key": "salsa_salsa_blooms-apply-draw_4",
    "value": "Draw"
  },
  {
    "lms_course_id": "MTH_4420_MU_02_2019_FA",
    "salsa_outcome": "",
    "salsa_outcome_type": "",
    "salsa_outcome_id": "",
    "salsa_outcome_text": "",
    "key": "salsa_salsa_blooms-apply-construct_5",
    "value": "Construct"
  },
  {
    "lms_course_id": "MTH_4420_MU_02_2019_FA",
    "salsa_outcome": "",
    "salsa_outcome_type": "",
    "salsa_outcome_id": "",
    "salsa_outcome_text": "",
    "key": "salsa_salsa_blooms-apply-contribute_6",
    "value": "Contribute"
  }
]