[
  {
    "key": "salsa_salsa_blooms-apply-establish_1",
    "value": "Establish"
  },
  {
    "key": "salsa_salsa_blooms-apply-participate_2",
    "value": "Participate"
  },
  {
    "key": "salsa_salsa_blooms-apply-include_3",
    "value": "Include"
  },
  {
    "key": "salsa_salsa_blooms-apply-draw_4",
    "value": "Draw"
  },
  {
    "key": "salsa_salsa_blooms-apply-construct_5",
    "value": "Construct"
  },
  {
    "key": "salsa_salsa_blooms-apply-contribute_6",
    "value": "Contribute"
  }
]