{
  "lms_course-PSY_6720_LL_09_2019_FA": [
    {
      "key": "salsa_salsa_blooms-apply-participate_1",
      "value": "Participate"
    },
    {
      "key": "salsa_salsa_blooms-apply-contribute_2",
      "value": "Contribute"
    },
    {
      "key": "salsa_salsa_blooms-apply-include_3",
      "value": "Include"
    },
    {
      "key": "salsa_salsa_blooms-apply-discover_4",
      "value": "Discover"
    },
    {
      "key": "salsa_salsa_blooms-apply-include_5",
      "value": "Include"
    },
    {
      "key": "salsa_salsa_blooms-apply-implement_6",
      "value": "Implement"
    }
  ],
  "lms_course-root_org_test_meta_doc": [
    {
      "key": "salsa_salsa_root_org_test_meta_1",
      "value": "root org test_meta"
    },
    {
      "key": "salsa_salsa_blooms-apply-establish_2",
      "value": "Establish"
    },
    {
      "key": "salsa_salsa_blooms-apply-provide_3",
      "value": "Provide"
    },
    {
      "key": "salsa_salsa_blooms-apply-show_4",
      "value": "Show"
    },
    {
      "key": "salsa_salsa_blooms-apply-imitate_5",
      "value": "Imitate"
    }
  ],
  "lms_course-PSY_6720_CC_09_2019_FA": [
    {
      "key": "salsa_salsa_blooms-apply-control_2",
      "value": "Control"
    },
    {
      "key": "salsa_salsa_blooms-apply-discover_3",
      "value": "Discover"
    },
    {
      "key": "salsa_salsa_blooms-apply-construct_4",
      "value": "Construct"
    },
    {
      "key": "salsa_salsa_blooms-apply-discover_1",
      "value": "Discover"
    }
  ],
  "lms_course-MTH_4420_MU_02_2019_FA": [
    {
      "key": "salsa_salsa_blooms-apply-establish_1",
      "value": "Establish"
    },
    {
      "key": "salsa_salsa_blooms-apply-participate_2",
      "value": "Participate"
    },
    {
      "key": "salsa_salsa_blooms-apply-include_3",
      "value": "Include"
    },
    {
      "key": "salsa_salsa_blooms-apply-draw_4",
      "value": "Draw"
    },
    {
      "key": "salsa_salsa_blooms-apply-construct_5",
      "value": "Construct"
    },
    {
      "key": "salsa_salsa_blooms-apply-contribute_6",
      "value": "Contribute"
    }
  ]
}