[
  {
    "key": "salsa_salsa_blooms-apply-participate_1",
    "value": "Participate"
  },
  {
    "key": "salsa_salsa_blooms-apply-contribute_2",
    "value": "Contribute"
  },
  {
    "key": "salsa_salsa_blooms-apply-include_3",
    "value": "Include"
  },
  {
    "key": "salsa_salsa_blooms-apply-discover_4",
    "value": "Discover"
  },
  {
    "key": "salsa_salsa_blooms-apply-include_5",
    "value": "Include"
  },
  {
    "key": "salsa_salsa_blooms-apply-implement_6",
    "value": "Implement"
  }
]