[
  {
    "lms_course_id": "PSY_6720_LL_09_2019_FA",
    "salsa_outcome": "",
    "salsa_outcome_type": "",
    "salsa_outcome_id": "",
    "salsa_outcome_text": "",
    "key": "salsa_salsa_blooms-apply-participate_1",
    "value": "Participate"
  },
  {
    "lms_course_id": "PSY_6720_LL_09_2019_FA",
    "salsa_outcome": "",
    "salsa_outcome_type": "",
    "salsa_outcome_id": "",
    "salsa_outcome_text": "",
    "key": "salsa_salsa_blooms-apply-contribute_2",
    "value": "Contribute"
  },
  {
    "lms_course_id": "PSY_6720_LL_09_2019_FA",
    "salsa_outcome": "",
    "salsa_outcome_type": "",
    "salsa_outcome_id": "",
    "salsa_outcome_text": "",
    "key": "salsa_salsa_blooms-apply-include_3",
    "value": "Include"
  },
  {
    "lms_course_id": "PSY_6720_LL_09_2019_FA",
    "salsa_outcome": "",
    "salsa_outcome_type": "",
    "salsa_outcome_id": "",
    "salsa_outcome_text": "",
    "key": "salsa_salsa_blooms-apply-discover_4",
    "value": "Discover"
  },
  {
    "lms_course_id": "PSY_6720_LL_09_2019_FA",
    "salsa_outcome": "",
    "salsa_outcome_type": "",
    "salsa_outcome_id": "",
    "salsa_outcome_text": "",
    "key": "salsa_salsa_blooms-apply-include_5",
    "value": "Include"
  },
  {
    "lms_course_id": "PSY_6720_LL_09_2019_FA",
    "salsa_outcome": "",
    "salsa_outcome_type": "",
    "salsa_outcome_id": "",
    "salsa_outcome_text": "",
    "key": "salsa_salsa_blooms-apply-implement_6",
    "value": "Implement"
  }
]